<?xml version="1.0" encoding="UTF-8"?>
<beans xmlns="http://www.springframework.org/schema/beans"
    xmlns:xsi="http://www.w3.org/2001/XMLSchema-instance"
    xsi:schemaLocation="
        http://www.springframework.org/schema/beans http://www.springframework.org/schema/beans/spring-beans.xsd">

 <bean id="ds" 
     class="org.springframework.jdbc.datasource.DriverManagerDataSource">
     <property name="driverClassName" 
         value="com.mysql.cj.jdbc.Driver"></property>
     <property name="url" 
         value="jdbc:mysql://localhost:3306/Hotel"></property>
     <property name="username" value="root"></property>
     <property name="password" value="1234567"></property>
 </bean>
 
 <bean id="JdbcTemplate" 
     class="org.springframework.jdbc.core.JdbcTemplate">
     <property name="dataSource" ref="ds"></property> 
 </bean>
 
 <bean id="hdao" class="Example.Data.HotelDAO">
     <property name="jdbctemp" ref="JdbcTemplate"></property> 
 </bean>
 
 </beans>